30/6/19,-84,GRILLD PTY LTD           CHATSWOOD
8/6/19,-49,MYRP.COM.AU PTY LTD      EAGLE FARM
4/6/19,7650.31,"PAYMENT RECEIVED, THANK YOU"
14/5/19,-19.24,WILSON PARKING SYD235    SYDNEY      NSW
13/5/19,-8.48,SMP*Caffe Amici          SYDNEY      AUS
13/5/19,-10,TOMTIN PTY LTD           SYDNEY      NSW
12/5/19,-40.18,RMS ETOLL PH 131865      PARRAMATTA
12/5/19,-31.88,WOOLWORTHS 1561          KELLYVILLE
12/5/19,-50,WOOLWORTHS 1561          KELLYVILLE
12/5/19,-60.59,BUNNINGS 339000          CASTLE HILL
11/5/19,-137.35,ZAMZAM MARKET            AUBURN      NSW
11/5/19,-43,Belles Take2             Barangaroo  NSW
10/5/19,-4,ALANA ALANA CAFE PL      SYDNEY      NSW
10/5/19,-13.5,MAD MEX FRESH MEXICQPS   SYDNEY
9/5/19,-9,LANTERN XPRESS           SYDNEY      NSW
9/5/19,-7,ALANA ALANA CAFE PL      SYDNEY      NSW
9/5/19,-424.2,PAYPAL *DIBP             4029357733  AUS
8/5/19,-6,BUTTER SALT PEPPER       SYDNEY      NSW
8/5/19,-9,HONG KONG FLAVOURS       SYDNEY      NSW
6/5/19,-239.19,PAYPAL *AGLENERGYLI      4029357733  AUS
6/5/19,5032.2,"PAYMENT RECEIVED, THANK YOU"
6/5/19,-12,X-OPORTO SYDNEY CENQPS   SYDNEY
4/5/19,-59.35,WOOLWORTHS 1561          KELLYVILLE
4/5/19,-203.4,BUNNINGS 413000          DURAL
3/5/19,-15,ALANA ALANA CAFE PL      SYDNEY      NSW
3/5/19,-9,ALANA ALANA CAFE PL      SYDNEY      NSW
2/5/19,-10,UMAI SUSHI               SYDNEY      NSW
2/5/19,-9.5,BUTTER SALT PEPPER       SYDNEY      NSW
1/5/19,-10,TOMTIN PTY LTD           SYDNEY      NSW
1/5/19,-6,BUTTER SALT PEPPER       SYDNEY      NSW
30/4/19,-4.5,BUTTER SALT PEPPER       SYDNEY      NSW
30/4/19,-13.5,MAD MEX FRESH MEXICQPS   SYDNEY
29/4/19,-4.5,ALANA ALANA CAFE PL      SYDNEY      NSW
29/4/19,-9.5,LIME ESPRESSO SANDWI     SYDNEY      NSW
29/4/19,-80,TRANSPORTFORNSW OPAL     CHIPPENDALE
28/4/19,-274,SYDNEYS PLANT MARKET     ANNANGROVE  NSW
28/4/19,-50,KASART HAIR              LINDFIELD   NSW
27/4/19,-529,FLICK ANTICIMEX          HOMEBUSH
27/4/19,-34.91,IKEA MARSDEN PARK        MARSDEN PARKNSW
27/4/19,15,IKEA MARSDEN PARK        MARSDEN PARKNSW
26/4/19,-4,ALANA ALANA CAFE PL      SYDNEY      NSW
24/4/19,-13.5,MAD MEX FRESH MEXICQPS   SYDNEY
23/4/19,-4764.09,HUNTER DOUGLAS LTD       RYDALMERE
23/4/19,-72,PAYPAL *BRGEXPERIEN      4029357733  AUS
23/4/19,-11.9,COCO RICO CAFE           SYDNEY      NSW
20/4/19,-138,SYDNEYS PLANT MARKET     ANNANGROVE  NSW
19/4/19,-15,MILAD SUPRMRKT PL        MERRYLANDS  NSW
18/4/19,-9.5,LIME ESPRESSO SANDWI     SYDNEY      NSW
17/4/19,-351.35,PAYPAL *AGLENERGYLI      4029357733  AUS
17/4/19,-12,X-OPORTO SYDNEY CENQPS   SYDNEY
16/4/19,-9.5,TOMTIN PTY LTD           SYDNEY      NSW
15/4/19,-12,MUMBAI EXPRESS CENTR     SYDNEY      NSW
14/4/19,-11,WOOLWORTHS 1561          KELLYVILLE
12/4/19,-9.95,SINDBAD KEBAB            SYDNEY      NSW
10/4/19,-16,TOMTIN PTY LTD           SYDNEY      NSW
10/4/19,-7.6,MBGP P/L                 SYDNEY      NSW
9/4/19,-4.5,BUTTER SALT PEPPER       SYDNEY      NSW
9/4/19,-80,TRANSPORT FOR NSW        CHIPPENDALE
9/4/19,-13.5,MAD MEX FRESH MEXICQPS   SYDNEY
8/4/19,-8,SUBWAY MARKET STREET     SYDNEY      NSW
7/4/19,-402.93,IKEA MARSDEN PARK        MARSDEN PARKNSW
5/4/19,-9.5,TOMTIN PTY LTD           SYDNEY      NSW
4/4/19,-13.5,X-OPORTO SYDNEY CENQPS   SYDNEY
3/4/19,-17.5,POTTERY GREEN BAKERS     LANE COVE   NSW
3/4/19,-11,H Z FAST FOOD CHAIN      SYDNEY      NSW
3/4/19,-64.39,WOOLWORTHS 1561          KELLYVILLE
2/4/19,-9.95,SUBWAY MARKET STREET     SYDNEY      NSW
1/4/19,-10,TOMTIN PTY LTD           SYDNEY      NSW
1/4/19,7919.65,"PAYMENT RECEIVED, THANK YOU"
31/3/19,-1061.81,IKEA MARSDEN PARK        MARSDEN PARKNSW
31/3/19,-34.9,IKEA MARSDEN PARK        MARSDEN PARKNSW
30/3/19,-20,THE CHOOK NORTH KELL     KELLYVILLE  NSW
30/3/19,-3,THE CHOOK NORTH KELL     KELLYVILLE  NSW
30/3/19,-67.5,BUNNINGS 339000          CASTLE HILL
29/3/19,-7.5,BUTTER SALT PEPPER       SYDNEY      NSW
29/3/19,-6,BUTTER SALT PEPPER       SYDNEY      NSW
28/3/19,-13.5,MAD MEX FRESH MEXICQPS   SYDNEY
27/3/19,-11.45,NANDOS 200029            SYDNEY      NSW
26/3/19,-12,MUMBAI EXPRESS CENTR     SYDNEY      NSW
25/3/19,-6,BUTTER SALT PEPPER       SYDNEY      NSW
21/3/19,-4.8,ROMEOS FOODHALL          ST LEONARDS
20/3/19,-4.5,BUTTER SALT PEPPER       SYDNEY      NSW
19/3/19,-40.18,RMS ETOLL PH 131865      PARRAMATTA
19/3/19,-11.5,MAD MEX FRESH MEXICQPS   SYDNEY
18/3/19,-80,TRANSPORT FOR NSW        CHIPPENDALE
18/3/19,-108.73,BUNNINGS 339000          CASTLE HILL
18/3/19,-3.62,BUNNINGS 339000    QPS   CASTLE HILL
17/3/19,-189.8,VICTORIAS BASEMENT       AUBURN      NSW
17/3/19,-100,COLES EXPRESS 1589       WEST RYDE   AUS
17/3/19,-2.28,BUNNINGS 339000    QPS   CASTLE HILL
17/3/19,-36.76,ALDI STORES - NORTH KE   KELLYVILLE
14/3/19,-4.5,BUTTER SALT PEPPER       SYDNEY      NSW
14/3/19,-15.5,TOMTIN PTY LTD           SYDNEY
13/3/19,-8,SUBWAY MARKET STREET     SYDNEY      NSW
13/3/19,-2510,DOMAYNE BEDDING NORT     NORTH RYDE  NSW
12/3/19,-9.5,TOMTIN PTY LTD           SYDNEY
11/3/19,-4.5,BUTTER SALT PEPPER       SYDNEY      NSW
10/3/19,-25,KASART HAIR              LINDFIELD   NSW
9/3/19,-2359,HARVEY NORMAN FURNIT     CASTLE HILL NSW
9/3/19,-3569,HARVEY NORMAN AV/IT      CASTLE HILL NSW
9/3/19,-186,HARVEY NORMAN AV/IT      CASTLE HILL NSW
9/3/19,-361,HARVEY NORMAN AV/IT      CASTLE HILL NSW
9/3/19,-880,BEDS N DREAMS            CASTLE HILL
8/3/19,-6,BUTTER SALT PEPPER       SYDNEY      NSW
7/3/19,-6,BUTTER SALT PEPPER       SYDNEY      NSW
7/3/19,-11.5,MAD MEX FRESH MEXICQPS   SYDNEY
6/3/19,1997.83,"PAYMENT RECEIVED, THANK YOU"
5/3/19,-6,BUTTER SALT PEPPER       SYDNEY      NSW
4/3/19,-12,X-OPORTO SYDNEY CENQPS   SYDNEY
27/2/19,-6,BUTTER SALT PEPPER       SYDNEY      NSW
27/2/19,-9.9,MAD MEX FRESH MEXICQPS   SYDNEY
25/2/19,-4.5,BUTTER SALT PEPPER       SYDNEY      NSW
25/2/19,-80,TFNSW RAIL               CHATSWOOD
23/2/19,-63,NIGHT STARS PTY LTD      RYDE        NSW
22/2/19,-6,BUTTER SALT PEPPER       SYDNEY      NSW
21/2/19,-9.95,SINDBAD KEBAB            SYDNEY      NSW
20/2/19,-4.5,BUTTER SALT PEPPER       SYDNEY      NSW
20/2/19,-9.5,TOMTIN PTY LTD           SYDNEY
19/2/19,-23,SOUL ORIGIN              BROADWAY    NSW
19/2/19,-4.5,BUTTER SALT PEPPER       SYDNEY      NSW
18/2/19,-11.5,SUBWAY MARKET STREET     SYDNEY      NSW
18/2/19,-4.5,BUTTER SALT PEPPER       SYDNEY      NSW
15/2/19,-4.5,BUTTER SALT PEPPER       SYDNEY      NSW
15/2/19,-60.3,PAYPAL *TEL 0464993020   4029357733  AUS
15/2/19,-52,BAVRA SERVICES PTY LTD   SYDNEY
14/2/19,-80.5,MARSFIELD MEDITERRAN     MARSFIELD   NSW
14/2/19,-50,TRANSPORT FOR NSW        CHIPPENDALE
10/2/19,-58.12,WOOLWORTHS PETROL 1540   CHULLORA
8/2/19,-4.5,BUTTER SALT PEPPER       SYDNEY      NSW
8/2/19,-12,X-OPORTO SYDNEY CENQPS   SYDNEY
7/2/19,-14.9,LISKENS PTY LTD          SYDNEY      NSW
6/2/19,-4.5,BUTTER SALT PEPPER       SYDNEY      NSW
6/2/19,-15.2,GUZMAN Y GOMEZ CENTR     SYDNEY
5/2/19,-80,TRANSPORT FOR NSW        CHIPPENDALE
4/2/19,-140.71,PAYPAL *AGLENERGYLI      4029357733  AUS
4/2/19,-4,BUTTER SALT PEPPER       SYDNEY      NSW
4/2/19,-4.4,TRANSPORT FOR NSW        CHIPPENDALE
4/2/19,-6.2,TRANSPORT FOR NSW        CHIPPENDALE
1/2/19,-10,BUTTER SALT PEPPER       SYDNEY      NSW
1/2/19,-10,TOMTIN PTY LTD           SYDNEY
1/2/19,-44.95,WW TOWN HALL  W1248      SYDNEY
31/1/19,-13.7,SUBWAY MARKET STREET     SYDNEY      NSW
31/1/19,-4.5,BUTTER SALT PEPPER       SYDNEY      NSW
31/1/19,369.73,"PAYMENT RECEIVED, THANK YOU"
30/1/19,-12,NANDOS 200029            SYDNEY      NSW
30/1/19,-4.5,BUTTER SALT PEPPER       SYDNEY      NSW
29/1/19,-4.5,BUTTER SALT PEPPER       SYDNEY      NSW
29/1/19,-9,TOMTIN PTY LTD           SYDNEY
26/1/19,-84.82,ZAMZAM MARKET            AUBURN      NSW
26/1/19,-24.25,Macquarie Centre Meat    North Ryde  NSW
26/1/19,-11.4,WOOLWORTHS W1129         NORTH RYDE
26/1/19,-27,A&T MAL PTY LTD          NORTH RYDE
25/1/19,-9,LANTERN XPRESS           SYDNEY      NSW
25/1/19,-4.5,BUTTER SALT PEPPER       SYDNEY      NSW
24/1/19,-22.46,CR MACQUARIE             NORTH RYDE  NSW
24/1/19,-9.5,TOMTIN PTY LTD           SYDNEY
24/1/19,-104.75,WW TOWN HALL  W1248      SYDNEY
23/1/19,-4.5,BUTTER SALT PEPPER       SYDNEY      NSW
23/1/19,-80,TRANSPORT FOR NSW        CHIPPENDALE
23/1/19,-13.5,MAD MEX FRESH MEXICQPS   SYDNEY
21/1/19,-10.5,LIME ESPRESSO SANDWI     SYDNEY      NSW
21/1/19,-4.5,BUTTER SALT PEPPER       SYDNEY      NSW
20/1/19,-21,A CUP OF LIFE CAFE       NORTH RYDE
19/1/19,-55.85,TK MAXX CASTLE HILL      CASTLE HILL
19/1/19,-27,ASHBA ONE PTY LTD        DURAL       NSW
19/1/19,-750,HARVEY NORMAN AV/IT      CASTLE HILL NSW
19/1/19,-10,KIN BY US                MACQUARIE PANSW
19/1/19,-29.88,CR MACQUARIE             NORTH RYDE  NSW
17/1/19,-8.95,NANDOS 200029            SYDNEY      NSW
17/1/19,-4,BUTTER SALT PEPPER       SYDNEY      NSW
15/1/19,-40.78,WOOLWORTHS W1129         NORTH RYDE
14/1/19,-4.99,TYPO                     SYDNEY      NSW
14/1/19,-4.5,BUTTER SALT PEPPER       SYDNEY      NSW
14/1/19,-11.5,MAD MEX FRESH MEXICQPS   SYDNEY
13/1/19,-11,SHIRAZ ICE CREAM PTY L   MERRYLANDS  AUS
13/1/19,-30,IMAN ZADEH SARABI BA     MERRYLANDS  NSW
13/1/19,-77.02,BP MAYS HILL 2220        MAYS HILL   NSW
13/1/19,-14.5,NASSER HAMZE       QPS   MERRYLANDS
11/1/19,-10.5,LIME ESPRESSO SANDWI     SYDNEY      NSW
11/1/19,-4.5,BUTTER SALT PEPPER       SYDNEY      NSW
10/1/19,-9,LANTERN XPRESS           SYDNEY      NSW
10/1/19,-4.5,BUTTER SALT PEPPER       SYDNEY      NSW
9/1/19,-4.5,BUTTER SALT PEPPER       SYDNEY      NSW
9/1/19,-9.9,Pontoon Bar              Sydney      NSW
9/1/19,-80,TFNSW RAIL               ST LEONARDS
8/1/19,-11.25,SUBWAY MARKET STREET     SYDNEY      NSW
8/1/19,-31,IMAN ZADEH SARABI BA     MERRYLANDS  NSW
8/1/19,-4.5,BUTTER SALT PEPPER       SYDNEY      NSW
7/1/19,-34.85,OEHNPTHEBASIN            SYDNEY
7/1/19,-9.5,TOMTIN PTY LTD           SYDNEY
6/1/19,-70.5,ZINA ENTERPRISES PTY L   CHURCH POINT
6/1/19,-15,NORTHERN BEACHES COUNC   DEE WHY
4/1/19,-30.9,PERFECT PTN NTHSYD       NORTH SYDNEYNSW
4/1/19,-74.95,PERFECT PTN NTHSYD       NORTH SYDNEYNSW
4/1/19,-4.5,BUTTER SALT PEPPER       SYDNEY      NSW
4/1/19,-7.64,ROMEOS FOODHALL          ST LEONARDS
3/1/19,-9.95,SINDBAD KEBAB            SYDNEY      NSW
3/1/19,-4.5,BUTTER SALT PEPPER       SYDNEY      NSW
3/1/19,-38.76,WW TOWN HALL  W1248      SYDNEY
3/1/19,3027.92,"PAYMENT RECEIVED, THANK YOU"
2/1/19,-4.5,BUTTER SALT PEPPER       SYDNEY      NSW
2/1/19,-13.5,KUBE INVESTMENTS PTQPS   NORTH RYDE
1/1/19,-30,SWANES NURSERIES         DURAL       NSW
31/12/18,-126,THE NORTH SPOON          MCMAHONS POI
30/12/18,-57.8,LAWRENCE DRY CLEANERS    WATERLOO    NSW
30/12/18,-21.85,MCDONALDS NORTH RYDE     NORTH RYDE
30/12/18,-10,WOOLWORTHS W1129         NORTH RYDE
30/12/18,-41.48,EDEN GARDENS & GARDE     MACQUARIE PA
29/12/18,-20.31,A CUP OF LIFE CAFE       NORTH RYDE
28/12/18,-4.5,BUTTER SALT PEPPER       SYDNEY      NSW
27/12/18,-4.2,INTNL TRANSACTION FEE
27/12/18,-140.06,HERTZ ITALIANA SPA       ROMA        ITA ##1218          86.00 EURO NATL CURR UNI
27/12/18,-4.5,BUTTER SALT PEPPER       SYDNEY      NSW
25/12/18,-72.62,COLES EXPRESS 1544       DRUMMOYNE   AUS
25/12/18,-35,JAUNCEY GROWTH PTY LIM   COOGEE
24/12/18,-114,MYER  MACQUARIE          NORTH RYDE  NSW
24/12/18,3027.92,"PAYMENT RECEIVED, THANK YOU"
24/12/18,-13.5,KUBE INVESTMENTS PTQPS   NORTH RYDE
23/12/18,-37.14,WOOLWORTHS W1129         NORTH RYDE
22/12/18,-54.61,COLES 5791               MACQUARIE PKAUS
21/12/18,-4.5,BUTTER SALT PEPPER       SYDNEY      NSW
20/12/18,-40.18,RMS ETOLL PH 131865      PARRAMATTA
20/12/18,-9.5,MBGP P/L                 SYDNEY      NSW
20/12/18,-100,WOOLWORTHS W1129         NORTH RYDE
20/12/18,-5.5,DAVID JONES LIMITED      MACQUARIE PA
19/12/18,-4.5,BUTTER SALT PEPPER       SYDNEY      NSW
19/12/18,-9,TOMTIN PTY LTD           SYDNEY
18/12/18,-6,MACQUARIE UNIVERSITY     NORTH RYDE  AUS
18/12/18,-4.5,BUTTER SALT PEPPER       SYDNEY      NSW
18/12/18,-300,MACQUARIE MEDICAL IM     MACQUARIE PA
17/12/18,-4.5,BUTTER SALT PEPPER       SYDNEY      NSW
16/12/18,-222.45,PAYPAL *AGLENERGYLI      4029357733  AUS
16/12/18,-24.82,WOOLWORTHS W1129         NORTH RYDE
16/12/18,-58.8,BONDI PIZZA BAR & GR     NORTH RYDE
15/12/18,-184.81,SERVICE NSW              SYDNEY
15/12/18,-475,TEETH PLUS CLINIC PTY    ANNANDALE   NSW
15/12/18,-15.05,DISTRICT 1 HCMC          MACQUARIE PA
14/12/18,-4.5,BUTTER SALT PEPPER       SYDNEY      NSW
13/12/18,-6.5,LANTERN XPRESS           SYDNEY      NSW
13/12/18,-96.5,HERTZ AUSTRALIA PTY L    MELBOURNE
13/12/18,-4.5,BUTTER SALT PEPPER       SYDNEY      NSW
13/12/18,-13.9,Alex Lee Kitchen         Chippendale NSW
13/12/18,-80,TFNSW RAIL               CHATSWOOD
12/12/18,-79.01,7 ELEVEN 3045            ASCOT       WA
11/12/18,-90,TELSTRA PAYBYPHONE       MELBOURNE   VIC
11/12/18,-142,Salt Dish                GERALDTON   WA
11/12/18,-16,TS HAY PTY LTD           GREGORY     WA
10/12/18,-52.86,DUNNINGS DONGARA         DONGARA     WA
9/12/18,-69.95,DOME EASTEND             PERTH
9/12/18,-194.5,MURRAY STREET GRILL      Jurien Bay  WA
9/12/18,-13,DBCA YANCHEP             WANNEROO
8/12/18,-25.05,VELOCE EXPRESSO PL       MASCOT      NSW
7/12/18,-4.5,BUTTER SALT PEPPER       SYDNEY      NSW
7/12/18,-12,LUNA PARK SYDNEY PTQPS   MILSONS POIN
7/12/18,-9.5,TOMTIN PTY LTD           SYDNEY
6/12/18,-40.18,RMS ETOLL PH 131865      PARRAMATTA
6/12/18,-4.5,BUTTER SALT PEPPER       SYDNEY      NSW
6/12/18,-2.49,ROMEOS FOODHALL          ST LEONARDS
5/12/18,-47,PASARGAD RESTAURANT      NORTH WILLOUNSW
5/12/18,-4.5,BUTTER SALT PEPPER       SYDNEY      NSW
4/12/18,-100,KASART HAIR              LINDFIELD   NSW
4/12/18,-8.5,BUTTER SALT PEPPER       SYDNEY      NSW
4/12/18,-21,Pontoon Bar              Sydney      NSW
3/12/18,6650.11,"PAYMENT RECEIVED, THANK YOU"
2/12/18,-5.3,INTNL TRANSACTION FEE
2/12/18,-176.76,RENTALCARS.COM           441618366700GBR ## GBR MERCHANT
2/12/18,-1190.4,SKIDDOO                  SYDNEY      AUS
1/12/18,-165,TS HAY PTY LTD           GREGORY     WA
30/11/18,-8,SUBWAY MARKET STREET     SYDNEY      NSW
30/11/18,-4.5,BUTTER SALT PEPPER       SYDNEY      NSW
29/11/18,-10,BUTTER SALT PEPPER       SYDNEY      NSW
26/11/18,-4.7,SQ *KAHII                Pyrmont     NSW
26/11/18,-13.5,MAD MEX FRESH MEXICQPS   SYDNEY
25/11/18,-6,HORNSBY SH CNCL FAGAN    GALSTON
25/11/18,-76.97,LAWRENCE DRY CLEANERS    WATERLOO    NSW
24/11/18,-10,KIN BY US                MACQUARIE PANSW
24/11/18,-83.55,CALTEX KELLYVILLE        KELLYVILLE
23/11/18,-4,BUTTER SALT PEPPER       SYDNEY      NSW
23/11/18,-120,TFNSW RAIL               ST LEONARDS
23/11/18,-9.5,TOMTIN PTY LTD           SYDNEY
22/11/18,-7,SQ *KAHII                Pyrmont     NSW
21/11/18,-40.18,RMS ETOLL PH 131865      PARRAMATTA
21/11/18,-9,TOMTIN PTY LTD           SYDNEY
20/11/18,-9.5,ALANA ALANA CAFE PL      SYDNEY      NSW
19/11/18,-4.1,SQ *KAHII                Pyrmont     NSW
19/11/18,-9.95,SINDBAD KEBAB            SYDNEY      NSW
17/11/18,-240,TEETH PLUS CLINIC PTY    ANNANDALE   NSW
16/11/18,-8,SUBWAY MARKET STREET     SYDNEY      NSW
16/11/18,-8.7,SQ *KAHII                Pyrmont     NSW
16/11/18,-40.18,RMS ETOLL PH 131865      PARRAMATTA
15/11/18,-3.9,MBGP P/L                 SYDNEY      NSW
14/11/18,-5,COSY CAFE                SYDNEY
13/11/18,-9,LANTERN XPRESS           SYDNEY      NSW
13/11/18,-86.3,GRILLD PTY LTD - MAC     NORTH RYDE
13/11/18,-4,COSY CAFE                SYDNEY
12/11/18,-3.9,MBGP P/L                 SYDNEY      NSW
11/11/18,-24,MCDONALDS NORTH RYDE     NORTH RYDE
11/11/18,-40.18,RMS ETOLL PH 131865      PARRAMATTA
11/11/18,-85,BP LANE COVE 2212        LANE COVE   NSW
10/11/18,-40.18,RMS ETOLL PH 131865      PARRAMATTA
9/11/18,-33.04,COLES 5791               MACQUARIE PKAUS
8/11/18,-29.95,CR MACQUARIE             NORTH RYDE  NSW
8/11/18,-49.4,MOTTO MOTTO MACQUARIE    NORTH RYDE
8/11/18,-50,KATHMANDU PTY LIMITE     NORTH RYDE
7/11/18,1483.53,"PAYMENT RECEIVED, THANK YOU"
5/11/18,-4.3,CAFE AT THE SQUARE       HAYMARKET
2/11/18,-3.8,CAFE AT THE SQUARE       HAYMARKET
1/11/18,-29.99,PLINE PH CHATSWOOD IN    CHATSWOOD
1/11/18,-5.06,FF Darling Harbour       Sydney      NSW
1/11/18,-100,TFNSW RAIL               SYDNEY
1/11/18,-3.3,CAFE AT THE SQUARE       HAYMARKET
29/10/18,-4.3,CAFE AT THE SQUARE       HAYMARKET
27/10/18,-18.98,IKEA RHODES              RHODES      NSW
27/10/18,-240,NICK SCALI FURNITU       CASTLE HILL NSW
27/10/18,-220,BEDS N DREAMS            CASTLE HILL
26/10/18,-8.8,CBP CAFE           QPS   SYDNEY
26/10/18,-13.5,MAD MEX FRESH MEXICQPS   SYDNEY
25/10/18,-5.06,FF Darling Harbour       Sydney      NSW
25/10/18,-8.3,CBP CAFE           QPS   SYDNEY
24/10/18,-12,OPORTO - CHATSWOOD       CHATSWOOD
24/10/18,-4.3,CBP CAFE           QPS   SYDNEY
23/10/18,-62.46,OFFICEWORKS 0220         NORTH RYDE  AUS
22/10/18,-44,MAURICE DRY CLEANE       SYDNEY      NSW
22/10/18,-19.33,UMI SUSHI & UDON   QPS   SYDNEY
22/10/18,-4.3,CBP CAFE           QPS   SYDNEY
21/10/18,-52.21,MEDEARTH                 EVELEIGH    NSW
21/10/18,-50,FONE FIELD               NORTH RYDE  NSW
21/10/18,-69.74,WOOLWORTHS 1561          KELLYVILLE
20/10/18,-900,DOMAYNE BEDDING NORT     NORTH RYDE  NSW
20/10/18,-107.99,KATHMANDU PTY LIMITE     NORTH RYDE
19/10/18,-9.7,SUBWAY TOWNHALL          SYDNEY      NSW
19/10/18,-57.08,WOOLWORTHS W1129         NORTH RYDE
17/10/18,-600,AMEX HARVEY NORMAN FURNITURE CCASTLE HILL 015
17/10/18,-100,AMEX HARVEY NORMAN AV IT CASTLCASTLE HILL 015
17/10/18,-800,AMEX HARVEY NORMAN AV IT CASTLCASTLE HILL 015
17/10/18,-118.01,COLES EXPRESS 1692       MARSFIELD   AUS
16/10/18,-8.8,CAFE AT THE SQUARE       HAYMARKET
15/10/18,-4.3,CBP CAFE           QPS   SYDNEY
13/10/18,-50,HILLS HALAL BUTCHERY     BAULKHAM HILNSW
13/10/18,-66.3,HILLS HALAL BUTCHERY     BAULKHAM HILNSW
13/10/18,-15,FABANI PTY LTD           NORTH RYDE  NSW
13/10/18,-4.7,WOOLWORTHS W1129         NORTH RYDE
12/10/18,-2603.15,JB HI FI - SYDNEY CI     SYDNEY      NSW
12/10/18,-13.8,Hotto Motto Galeries     Sydney      NSW
12/10/18,-45.16,WOOLWORTHS W1129         NORTH RYDE
12/10/18,-4.3,CAFE AT THE SQUARE       HAYMARKET
11/10/18,-13.5,OPORTO - CHATSWOOD       CHATSWOOD
10/10/18,-3.8,CBP CAFE           QPS   SYDNEY
8/10/18,-29,IKEA RHODES              RHODES      NSW
8/10/18,-15.7,GUZMAN Y GOMEZ ICC DAR   PYRMONT
5/10/18,-55.68,AMEX WOOLWORTHS 1129 MACQUARIENORTH RYDE  015
4/10/18,-5.5,Soul Origin - The Gal    Sydney      NSW
3/10/18,-13.23,UMI SUSHI & UDON   QPS   SYDNEY
1/10/18,-8,OEH NSW                  SYDNEY SOUTH
30/9/18,-6,COLES 5791               MACQUARIE PKAUS
30/9/18,-69.99,SOLANNA PTY LTD          NORTH RYDE
30/9/18,-26.95,WOOLWORTHS W1129         NORTH RYDE
29/9/18,-330,KARGAR & ASSOC           PARRAMATTA  NSW
29/9/18,-100,MICAR CARE PTY LTD       NORTH PARRAMNSW
29/9/18,-93.5,BUDGET PETROL CHIPPEND   CHIPPENDALE
27/9/18,-20.99,BASEMENT BOOKS           HAYMARKET   NSW
27/9/18,-5,SUSHI I                  Surry Hills NSW
27/9/18,3046.7,"PAYMENT RECEIVED, THANK YOU"
27/9/18,-5,DEPOSITS AND TRANSACTI   SYDNEY
26/9/18,-7,SQ *MARRICKVILLE PORK    Ultimo      NSW
25/9/18,-4.3,CAFE AT THE SQUARE       HAYMARKET
24/9/18,-14.2,GUZMAN Y GOMEZ ICC DAR   PYRMONT
23/9/18,-31,IMAN ZADEH SARABI BA     MERRYLANDS  NSW
23/9/18,-25.9,IKEA RHODES              RHODES      NSW
23/9/18,-47.97,AMEX MYER MACQUARIE           NORTH RYDE  015
23/9/18,-8.39,PETSTOCK MACQUARIE C     NORTH RYDE
22/9/18,-36.58,AMEX COLES MACQUARIE 5791     MACQUARIE PA015
22/9/18,-25,WOOLWORTHS W1129         NORTH RYDE
21/9/18,-9.9,DJ & SJ HOLDINGS PTY L   HAYMARKET
20/9/18,-12.6,Sushi Hub Town Hall      Sydney      NSW
20/9/18,-11,MUMBAI EXPRESS CENTR     SYDNEY      NSW
19/9/18,-8.55,CAFE AT THE SQUARE       HAYMARKET
19/9/18,-13.5,MAD MEX FRESH MEXICQPS   SYDNEY
18/9/18,-11.5,YHH INVESTMENTS PTY      NORTH RYDE  NSW
17/9/18,-8.5,SUBWAY SYDNEY CENTRAL    SYDNEY      NSW
17/9/18,-30,KASART HAIR              LINDFIELD   NSW
17/9/18,-3.8,PHOENIX CAFE 3           SYDNEY
16/9/18,-54.6,PAPPARICH CASTLE TWRS    CASTLE HILL
15/9/18,-13,FRANKYS CAFE PTY LTD     GLENHAVEN   NSW
15/9/18,-67,HWANG GA BBQ             STRATHFIELD NSW
14/9/18,-29.5,Ricefields               Haymarket   NSW
14/9/18,-80,TRANSPORT FOR NSW        CHIPPENDALE
14/9/18,-80,TRANSPORT FOR NSW        CHIPPENDALE
14/9/18,-8.8,CAFE AT THE SQUARE       HAYMARKET
13/9/18,-9.9,MACQUARIE CNTR MEATP     NORTH RYDE  NSW
13/9/18,-12,MUMBAI EXPRESS CENTR     SYDNEY      NSW
12/9/18,-12.9,VMLAKSHMI PTY LTD        SYDNEY      NSW
12/9/18,-28.76,INTEREST CHARGES
12/9/18,-3.8,CAFE AT THE SQUARE       HAYMARKET
10/9/18,-15,SESONI PTY. LTD.         SYDNEY
8/9/18,-63.15,COLES 5791               MACQUARIE PKAUS
8/9/18,-37.26,SOLANNA PTY LTD          NORTH RYDE
7/9/18,-366.61,SERVICE NSW              SYDNEY
7/9/18,-6,HJ RYDE MACQUARIE        RYDE
7/9/18,-41,KAKINGA HOLDINGS PTY L   NORTH RYDE
7/9/18,-13.5,KUBE INVESTMENTS PTQPS   NORTH RYDE
6/9/18,-148.68,AGL SALES PTY LTD        SYDNEY
6/9/18,-15.9,PAKWAAN PTY LTD          PYRMONT
5/9/18,-11.5,X-OPORTO SYDNEY CENQPS   SYDNEY
4/9/18,-2,ACCUMULATE LOYALTY       MELBOURNE   AUS
3/9/18,4576.85,"PAYMENT RECEIVED, THANK YOU"
3/9/18,-13.5,MAD MEX FRESH MEXICQPS   SYDNEY
2/9/18,-24.5,MACQUARIE MEDICAL CE     NORTH RYDE  NSW
2/9/18,-116.48,AMEX COLES MACQUARIE 5791     MACQUARIE PA015
1/9/18,-99.98,AMEX EDEN GARDENS & GARDEN CENMACQUARIE PA015
31/8/18,-7.8,AMEX MCDONALDS HARBOURSIDE    DARLING HARB015
30/8/18,-44.62,AMEX WOOLWORTHS 1248 TOWN HALLSYDNEY      015
28/8/18,-9.5,PERENNIAL GROUP PTY      SYDNEY      NSW
28/8/18,-11,360 PRINT SOLUTIONS      SYDNEY      NSW
27/8/18,-537.33,QBE CTP                  SYDNEY
27/8/18,39.72,globalblue.com/rules     MOLNDAL     SWE
27/8/18,-10.5,Soul Origin - The Gal    Sydney      NSW
27/8/18,-22.23,SYDNEY WATER             PARRAMATTA
23/8/18,-1.41,INTNL TRANSACTION FEE
23/8/18,-47,HMSHOST AMSTERDAM SCHI   SCHIPHOL AIRNLD ##0818          29.50 EURO NATL CURR UNI
23/8/18,-2.63,INTNL TRANSACTION FEE
23/8/18,-87.62,IZ *Taxi Tej             AMSTERDAM   NLD ##0818          55.00 EURO NATL CURR UNI
22/8/18,-1.55,INTNL TRANSACTION FEE
22/8/18,-51.64,Rederij Lovers BV        Amsterdam   NLD ## NLD MERCHANT
22/8/18,-2.37,INTNL TRANSACTION FEE
22/8/18,-78.98,NS AMSTERDAM CENTRAAL    AMSTERDAM   NLD ##0818          50.00 EURO NATL CURR UNI
22/8/18,-0.57,INTNL TRANSACTION FEE
22/8/18,-18.84,Cafe Thijssen            Amsterdam   NLD ##0818          12.00 EURO NATL CURR UNI
21/8/18,-12.66,AMEX L'OCCITANE               BERGAMO ##0818           8.00 EURO NATL CURR UNI
21/8/18,-359.65,AMEX HARMONT & BLAINE         SEGRATE ##0818         229.00 EURO NATL CURR UNI
21/8/18,-2.3,INTNL TRANSACTION FEE
21/8/18,-76.61,HERTZ ITALIANA SPA       ROMA        ITA ##0818          48.80 EURO NATL CURR UNI
21/8/18,-2.97,INTNL TRANSACTION FEE
21/8/18,-98.91,KEROPETROL STAZ SERVIZ   MILANO      ITA ##0818          63.00 EURO NATL CURR UNI
21/8/18,-0.76,INTNL TRANSACTION FEE
21/8/18,-25.43,MYCHEF MI LINATE         SEGRATE     ITA ##0818          16.20 EURO NATL CURR UNI
21/8/18,-0.37,INTNL TRANSACTION FEE
21/8/18,-12.4,MYCHEF MI LINATE         SEGRATE     ITA ##0818           7.90 EURO NATL CURR UNI
20/8/18,-0.65,INTNL TRANSACTION FEE
20/8/18,-21.77,BAR PIN S.A.S. DI MANE   DERVIO      ITA ##0818          13.90 EURO NATL CURR UNI
20/8/18,-0.8,INTNL TRANSACTION FEE
20/8/18,-26.62,AUTOGRILL 7175           MILANO      ITA ##0818          17.00 EURO NATL CURR UNI
20/8/18,-10.72,INTNL TRANSACTION FEE
20/8/18,-357.42,Alfa Amsterdam Hotel     AMSTERDAM   NLD ##0818         228.23 EURO NATL CURR UNI
20/8/18,91,"PAYMENT RECEIVED, THANK YOU"
19/8/18,-3.53,INTNL TRANSACTION FEE
19/8/18,-117.61,STAZIONE SERVIZIO        MILANO      ITA ##0818          75.00 EURO NATL CURR UNI
17/8/18,-0.11,INTNL TRANSACTION FEE
17/8/18,-3.76,METRO PARK LUCCA         LUCCA       LU ##0818           2.40 EURO NATL CURR UNI
12/8/18,-1.83,INTNL TRANSACTION FEE
12/8/18,-60.86,LIDL 711                 LATINA      ITA ##0818          38.76 EURO NATL CURR UNI
10/8/18,-1.06,INTNL TRANSACTION FEE
10/8/18,-35.41,STARBUCKS (NS RB)        EINDHOVEN AINLD ##0818          22.55 EURO NATL CURR UNI
10/8/18,-41.03,INTEREST CHARGES
6/8/18,34,"PAYMENT RECEIVED, THANK YOU"
3/8/18,-23,YHH INVESTMENTS PTY      NORTH RYDE  NSW
3/8/18,-4.3,CAFE AT THE SQUARE       HAYMARKET
2/8/18,-8,THE TRINITY RJ PTY LTD   SYDNEY
30/7/18,-1.5,WOOLWORTHS W1716         HAYMARKET
28/7/18,-11.7,PRADHAN ENTERPRISES      KELLYVILLE  NSW
28/7/18,-6.98,COSTCO WHOLESALE AUSTR   MARSDEN PARK
27/7/18,-6.6,Sushi Hub Town Hall      Sydney      NSW
27/7/18,-8.5,FARMA                    SYDNEY      NSW
26/7/18,-20.5,RD1 8BIT-SYDNEY PTY      HAYMARKET   NSW
26/7/18,-80,TRANSPORT FOR NSW        CHIPPENDALE
23/7/18,-9.95,SUBWAY CIRCULAR QUAY     SYDNEY      NSW
23/7/18,-4.3,CAFE AT THE SQUARE       HAYMARKET
22/7/18,-12,G & C ISAAC HOLDINGS     NORTH RYDE  NSW
22/7/18,-10.24,INTNL TRANSACTION FEE
22/7/18,-341.41,easyJetEVHCG8S           EASYJET     GBR ##0718         214.88 EURO NATL CURR UNI
22/7/18,-20.44,INTNL TRANSACTION FEE
22/7/18,-681.23,RENTALCARS.COM           441618366700GBR ## GBR MERCHANT
22/7/18,-184.72,WWW.RENTALCOVER.COM      WILLOUGHBY  NSW
22/7/18,-998.4,AMEX DAVID JONES MACQUARIE CENSYDNEY      015
22/7/18,-27.47,AMEX DAVID JONES MACQUARIE CENSYDNEY      015
21/7/18,-30.95,XL DRY CLEANERS          NORTH RYDE  NSW
21/7/18,-50,TRANSPORT FOR NSW        CHIPPENDALE
20/7/18,-14.7,GUZMAN Y GOMEZ ICC DAR   PYRMONT
19/7/18,-12,Gozleme Kings Co Pty L   SYDNEY      NSW
16/7/18,-91.87,NAKED WINES AUSTRALIA    NEWPORT
16/7/18,-11.5,OPORTO THE GALLERIES     SYDNEY      NSW
15/7/18,-0.01,NAKED WINES AUSTRALIA    NEWPORT
15/7/18,0.01,NAKED WINES AUSTRALIA    NEWPORT
14/7/18,-52.5,MYRDLYJ PTY. LIMITED     DURAL       NSW
13/7/18,-22.75,AMEX WOOLWORTHS 1248 TOWN HALLSYDNEY      015
13/7/18,-15.2,GUZMAN Y GOMEZ ICC DAR   PYRMONT
13/7/18,-7.8,CAFE AT THE SQUARE       HAYMARKET
12/7/18,-9.5,PERENNIAL GROUP PTY      SYDNEY      NSW
12/7/18,-6.6,Sushi Hub Town Hall      Sydney      NSW
12/7/18,-17.39,INTEREST CHARGES
11/7/18,-60,ELI TRADING SYDNEY P     TURRUMURRA  NSW
10/7/18,-7.3,CAFE AT THE SQUARE       HAYMARKET
9/7/18,2509.38,"PAYMENT RECEIVED, THANK YOU"
9/7/18,-4.3,CAFE AT THE SQUARE       HAYMARKET
7/7/18,-20.9,MCDONALDS NORTH RYDE     NORTH RYDE
6/7/18,-26.19,NOK NOK                  SYDNEY      NSW
6/7/18,-4.3,CAFE AT THE SQUARE       HAYMARKET
4/7/18,-14,MUMBAI EXPRESS CENTR     SYDNEY      NSW
3/7/18,-15.2,GUZMAN Y GOMEZ ICC DAR   PYRMONT
3/7/18,-8.1,CAFE AT THE SQUARE       HAYMARKET
2/7/18,-4.3,CAFE AT THE SQUARE       HAYMARKET
1/7/18,-50,AMEX DAN MURPHYS 1428 NORTH RYNORTH RYDE  015