ZAMZAM MARKET,ZAMZAM,LIVING,GROCERY
WOOLWORTHS,WOOLWORTHS,LIVING,GROCERY
COLES,COLES,LIVING,GROCERY
COLES EXPRESS,SHELL,CAR,PETROL
OPORTO,OPORTO,ENTERTAINMENT,RESTAURANT
WILSON PARKING,WILSON,CAR,PARKING
HARVEY NORMAN,HARVEY NORMAN,HOUSE,FURNITURE
IKEA,IKEA,HOUSE,FURNITURE
BUTTER SALT PEPPER,BUTTER SALT PEPPER,ENTERTAINMENT,COFFEE
ALDI STORES,ALDI,LIVING,GROCERY
7-ELEVEN,7-ELEVEN,CAR,PETROL
BUNNINGS,BUNNINGS,HOUSE,TOOLS
CBHS HEALTH FUND,CBHS,HEALTH,INSURANCE
CHEMIST WAREHOUSE,CHEMIST WAREHOUSE,HEALTH,MEDICINE
COCO REPUBLIC,COCO REPUBLIC,HOUSE,FURNITURE
TPG,TPG,HOUSE,INTERNET
GRILLD,GRILLD,ENTERTAINMENT,RESTAURANT
GLORIA JEANS,GLORIA JEANS,LIVING,COFFEE
MAD MEX FRESH,MADMEX,ENTERTAINMENT,RESTAURANT
MCDONALDS,MCDONALDS,ENTERTAINMENT,RESTAURANT
LOAN REPAYMENT,CBA,HOUSE,LOAN
ROBERT EDWARDS,TOGA,HOUSE,RENT
A CUP OF LIFE CAFE,A CUP OF LIFE CAFE,ENTERTAINMENT,RESTAURANT
AGL SALES,AGL,HOUSE,ENERGY
ALANA CAFE,ALANA,ENTERTAINMENT,RESTAURANT
ASAL HOLDINGS,ASAL,LIVING,GROCERY
BAKERS DELIGHT,BAKERS DELIGHT,LIVING,GROCERY
CAFE AT THE SQUARE HAYMARKET,CAFE AT THE SQUARE,ENTERTAINMENT,RESTAURANT
CHANTILLYS COFFEE,CHANTILLYS,ENTERTAINMENT,COFFEE
CHELSEA OPERATIONS,HOTEL CHELSEA,ENTERTAINMENT,RESTAURANT
COCO RICO CAFE SYDNEY,COCO RICO,ENTERTAINMENT,RESTAURANT
DAVID JONES,DAVID JONES,LIVING,CLOTHES
INTEREST,CBA,INTEREST,INTEREST
MISSION AU,MISSION AUSTRALIA,CHARITY,CHARITY
ALLIANZ INSURE,ALLIANZ,CAR,INSURANCE
HILTON SYDNEY PAYWAY,LIVINGWELL,HEALTH,JYM
TELSTRA,TELSTRA,HOUSE,TELEPHONE
NISSAN FINANCIAL,NISSAN,CAR,LOAN
L OCCITANE,LOCCITANE,HEALTH,SKIN CARE
CNCL,COUNCIL RATES,HOUSE,STRATA
T2,T2,HOUSE,FURNITURE
SUBWAY,SUBWAY,ENTERTAINMENT,RESTAURANT
SYD APRT INTNL CARP50,SYDNEY AIRPORT PARKING,CAR,PARKING
TFNSW RAIL,OPAL,LIVING,TRANSPORTATION
TRANSPORT FOR NSW,OPAL,LIVING,TRANSPORTATION
TRANSPORTFORNSW,OPAL,LIVING,TRANSPORTATION
VICTORIAS BASEMENT,VICTORIAS BASEMENT,HOUSE,FURNITURE